"scenario","strategy","repeat","writers","writes_per_writer","readers","mode","synchronous","busy_timeout","queue_target","queue_interval","pause_ms","write_ok","sqlite_errors","pool_errors","error_percent","read_ok","read_sqlite_errors","read_pool_errors","elapsed_ms","committed_per_s","ok_p50_ms","ok_p95_ms","ok_p99_ms","ok_max_ms","failure_p50_ms","failure_p95_ms","failure_p99_ms","failure_max_ms","read_p95_ms","writer_mailbox_peak","beam_start_bytes","beam_end_bytes","beam_peak_bytes","audit_ok"
"deferred","pooled","1","1","12","0","deferred","normal","2000","50","1000","0","12","0","0","0.0","0","0","0","4.433","2706.9704489059327","0.25","2.5","2.5","1.07","","","","0.0","","0","32565280","32619456","32583208","true"
"deferred","single","1","1","12","0","deferred","normal","2000","50","1000","0","12","0","0","0.0","0","0","0","2.165","5542.725173210161","0.25","0.5","0.5","0.269","","","","0.0","","0","32024736","32055456","32067296","true"
"deferred","writer","1","1","12","0","deferred","normal","2000","50","1000","0","12","0","0","0.0","0","0","0","1.78","6741.573033707865","0.25","0.5","0.5","0.281","","","","0.0","","0","32917024","32894816","32917024","true"
"deferred","single","2","1","12","0","deferred","normal","2000","50","1000","0","12","0","0","0.0","0","0","0","1.91","6282.722513089006","0.25","0.5","0.5","0.392","","","","0.0","","0","32192280","32195680","32232496","true"
"deferred","writer","2","1","12","0","deferred","normal","2000","50","1000","0","12","0","0","0.0","0","0","0","2.191","5476.951163852123","0.25","0.5","0.5","0.384","","","","0.0","","0","32900816","32913720","32920832","true"
"deferred","pooled","2","1","12","0","deferred","normal","2000","50","1000","0","12","0","0","0.0","0","0","0","2.054","5842.259006815969","0.25","0.5","0.5","0.311","","","","0.0","","0","32855616","32910720","32899888","true"
"deferred","pooled","1","1","12","4","deferred","normal","2000","50","1000","0","12","0","0","0.0","172","0","0","8.658","1386.001386001386","1.0","2.5","2.5","1.17","","","","0.0","1.0","0","32897512","32913176","32928368","true"
"deferred","single","1","1","12","4","deferred","normal","2000","50","1000","0","12","0","0","0.0","52","0","0","8.848","1356.23869801085","1.0","1.0","1.0","0.993","","","","0.0","1.0","0","32224024","32265104","32263912","true"
"deferred","writer","1","1","12","4","deferred","normal","2000","50","1000","0","12","0","0","0.0","152","0","0","6.315","1900.2375296912114","1.0","1.0","1.0","0.762","","","","0.0","0.5","0","32958072","32940680","32958072","true"
"deferred","single","2","1","12","4","deferred","normal","2000","50","1000","0","12","0","0","0.0","52","0","0","4.279","2804.3935498948354","0.5","1.0","1.0","0.537","","","","0.0","0.5","0","32242008","32279600","32281192","true"
"deferred","writer","2","1","12","4","deferred","normal","2000","50","1000","0","12","0","0","0.0","164","0","0","7.03","1706.9701280227596","0.5","1.0","1.0","0.975","","","","0.0","0.5","0","32915712","32958552","32955792","true"
"deferred","pooled","2","1","12","4","deferred","normal","2000","50","1000","0","12","0","0","0.0","164","0","0","8.322","1441.9610670511897","1.0","2.5","2.5","1.257","","","","0.0","1.0","0","32915144","32951368","32955240","true"
"deferred","pooled","1","8","12","0","deferred","normal","2000","50","1000","0","18","78","0","81.25","0","0","0","6.752","2665.8767772511846","1.0","2.5","2.5","1.403","0.5","1.0","2.5","1.447","","0","32937384","32930488","32975752","true"
"deferred","single","1","8","12","0","deferred","normal","2000","50","1000","0","96","0","0","0.0","0","0","0","32.505","2953.3917858790956","5.0","5.0","5.0","3.978","","","","0.0","","0","32281688","32284904","32321656","true"
"deferred","writer","1","8","12","0","deferred","normal","2000","50","1000","0","96","0","0","0.0","0","0","0","11.733","8182.050626438251","1.0","2.5","2.5","1.411","","","","0.0","","0","32980616","33035928","33073760","true"
"deferred","single","2","8","12","0","deferred","normal","2000","50","1000","0","96","0","0","0.0","0","0","0","14.291","6717.514519627738","2.5","2.5","2.5","2.171","","","","0.0","","0","32310984","32293976","32344280","true"
"deferred","writer","2","8","12","0","deferred","normal","2000","50","1000","0","96","0","0","0.0","0","0","0","15.618","6146.753745678064","2.5","2.5","2.5","1.82","","","","0.0","","0","32981048","33028864","33033280","true"
"deferred","pooled","2","8","12","0","deferred","normal","2000","50","1000","0","20","76","0","79.16666666666667","0","0","0","7.19","2781.641168289291","1.0","2.5","2.5","1.753","0.5","1.0","2.5","2.166","","0","32947600","33266096","32980896","true"
"deferred","pooled","1","8","12","4","deferred","normal","2000","50","1000","0","24","72","0","75.0","78","0","0","10.715","2239.8506766215587","1.0","2.5","2.5","1.519","1.0","2.5","2.5","1.487","2.5","0","32971648","32951576","32991448","true"
"deferred","single","1","8","12","4","deferred","normal","2000","50","1000","0","96","0","0","0.0","52","0","0","22.295","4305.898183449204","2.5","5.0","5.0","2.76","","","","0.0","2.5","0","32311176","32342904","32378488","true"
"deferred","writer","1","8","12","4","deferred","normal","2000","50","1000","0","96","0","0","0.0","1216","0","0","46.071","2083.740313863385","5.0","5.0","5.0","4.613","","","","0.0","0.25","0","32948448","33019880","32990024","true"
"deferred","single","2","8","12","4","deferred","normal","2000","50","1000","0","96","0","0","0.0","52","0","0","15.177","6325.360743229888","2.5","2.5","2.5","1.723","","","","0.0","2.5","0","32294640","32315896","32335032","true"
"deferred","writer","2","8","12","4","deferred","normal","2000","50","1000","0","96","0","0","0.0","1240","0","0","39.723","2416.7358960803563","5.0","5.0","5.0","3.884","","","","0.0","0.25","0","32981624","33029864","33021208","true"
"deferred","pooled","2","8","12","4","deferred","normal","2000","50","1000","0","23","73","0","76.04166666666667","88","0","0","8.72","2637.6146788990827","1.0","2.5","2.5","1.208","1.0","2.5","2.5","1.233","1.0","0","32965424","32990672","33005968","true"
"deferred","pooled","1","32","12","0","deferred","normal","2000","50","1000","0","71","313","0","81.51041666666667","0","0","0","19.215","3695.029924538121","2.5","2.5","2.5","2.333","2.5","2.5","2.5","2.55","","0","33030120","33125328","33074368","true"
"deferred","single","1","32","12","0","deferred","normal","2000","50","1000","0","384","0","0","0.0","0","0","0","59.742","6427.638847042282","5.0","10.0","10.0","6.391","","","","0.0","","0","32383600","32441072","33522688","true"
"deferred","writer","1","32","12","0","deferred","normal","2000","50","1000","0","384","0","0","0.0","0","0","0","79.869","4807.872891860421","10.0","10.0","25.0","10.344","","","","0.0","","31","32693552","32947792","33094424","true"
"deferred","single","2","32","12","0","deferred","normal","2000","50","1000","0","384","0","0","0.0","0","0","0","67.85","5659.543109801031","10.0","10.0","10.0","7.201","","","","0.0","","0","32098112","32260896","33174752","true"
"deferred","writer","2","32","12","0","deferred","normal","2000","50","1000","0","384","0","0","0.0","0","0","0","66.905","5739.481354158882","10.0","10.0","10.0","9.447","","","","0.0","","30","33078136","33199224","33428832","true"
"deferred","pooled","2","32","12","0","deferred","normal","2000","50","1000","0","66","318","0","82.8125","0","0","0","24.589","2684.127048680304","2.5","5.0","5.0","2.971","2.5","5.0","5.0","2.863","","0","33075024","33101680","33137488","true"
"deferred","pooled","1","32","12","4","deferred","normal","2000","50","1000","0","75","309","0","80.46875","67","0","0","28.606","2621.8275886177726","2.5","5.0","5.0","3.114","2.5","5.0","5.0","2.918","5.0","0","33091944","33164560","33136600","true"
"deferred","single","1","32","12","4","deferred","normal","2000","50","1000","0","384","0","0","0.0","52","0","0","117.569","3266.167101872092","10.0","25.0","25.0","15.383","","","","0.0","25.0","0","32452080","32454688","33730856","true"
"deferred","writer","1","32","12","4","deferred","normal","2000","50","1000","0","384","0","0","0.0","4583","0","0","172.333","2228.244155211132","25.0","25.0","25.0","16.387","","","","0.0","0.5","31","32935928","33184440","33517584","true"
"deferred","single","2","32","12","4","deferred","normal","2000","50","1000","0","384","0","0","0.0","55","0","0","71.899","5340.825324413413","10.0","10.0","10.0","9.242","","","","0.0","10.0","0","32264640","32267952","33583520","true"
"deferred","writer","2","32","12","4","deferred","normal","2000","50","1000","0","384","0","0","0.0","4729","0","0","177.622","2161.8943599328913","25.0","25.0","25.0","18.882","","","","0.0","0.5","31","32971976","33377496","33519616","true"
"deferred","pooled","2","32","12","4","deferred","normal","2000","50","1000","0","77","307","0","79.94791666666667","67","0","0","28.114","2738.8489720423986","2.5","5.0","5.0","3.154","2.5","5.0","5.0","3.169","5.0","0","33001120","33045880","33106200","true"
"immediate","pooled","1","1","12","0","immediate","normal","2000","50","1000","0","12","0","0","0.0","0","0","0","1.741","6892.590465249857","0.1","0.5","0.5","0.441","","","","0.0","","0","32908240","32910392","32950288","true"
"immediate","single","1","1","12","0","immediate","normal","2000","50","1000","0","12","0","0","0.0","0","0","0","1.674","7168.458781362007","0.25","0.5","0.5","0.323","","","","0.0","","0","32279816","32304224","32327200","true"
"immediate","writer","1","1","12","0","immediate","normal","2000","50","1000","0","12","0","0","0.0","0","0","0","3.549","3381.23415046492","0.25","1.0","1.0","0.923","","","","0.0","","0","32961896","32965216","32983112","true"
"immediate","single","2","1","12","0","immediate","normal","2000","50","1000","0","12","0","0","0.0","0","0","0","2.36","5084.745762711865","0.25","0.5","0.5","0.397","","","","0.0","","0","32269384","32281584","32306232","true"
"immediate","writer","2","1","12","0","immediate","normal","2000","50","1000","0","12","0","0","0.0","0","0","0","2.046","5865.102639296188","0.25","0.5","0.5","0.305","","","","0.0","","0","33002168","33015296","33025344","true"
"immediate","pooled","2","1","12","0","immediate","normal","2000","50","1000","0","12","0","0","0.0","0","0","0","1.882","6376.195536663125","0.25","0.5","0.5","0.33","","","","0.0","","0","32968512","32969440","32989824","true"
"immediate","pooled","1","1","12","4","immediate","normal","2000","50","1000","0","12","0","0","0.0","151","0","0","6.214","1931.123270035404","0.5","1.0","1.0","0.686","","","","0.0","0.5","0","32944840","32994120","32987128","true"
"immediate","single","1","1","12","4","immediate","normal","2000","50","1000","0","12","0","0","0.0","52","0","0","7.047","1702.8522775649212","0.5","1.0","1.0","0.799","","","","0.0","1.0","0","32299136","32338696","32338112","true"
"immediate","writer","1","1","12","4","immediate","normal","2000","50","1000","0","12","0","0","0.0","154","0","0","6.672","1798.5611510791366","0.5","1.0","1.0","0.768","","","","0.0","0.5","0","32950152","33005624","32988960","true"
"immediate","single","2","1","12","4","immediate","normal","2000","50","1000","0","12","0","0","0.0","52","0","0","6.197","1936.4208487978053","0.5","1.0","1.0","0.798","","","","0.0","1.0","0","32285168","32332312","32324144","true"
"immediate","writer","2","1","12","4","immediate","normal","2000","50","1000","0","12","0","0","0.0","175","0","0","6.733","1782.2664488341006","1.0","1.0","1.0","0.688","","","","0.0","0.25","0","32944096","32979576","32970016","true"
"immediate","pooled","2","1","12","4","immediate","normal","2000","50","1000","0","12","0","0","0.0","152","0","0","6.336","1893.939393939394","0.5","2.5","2.5","1.031","","","","0.0","0.5","0","32925816","32990464","32964808","true"
"immediate","pooled","1","8","12","0","immediate","normal","2000","50","1000","0","96","0","0","0.0","0","0","0","55.911","1717.0145409668937","0.5","5.0","100.0","54.332","","","","0.0","","0","32907400","32923224","33005856","true"
"immediate","single","1","8","12","0","immediate","normal","2000","50","1000","0","96","0","0","0.0","0","0","0","11.345","8461.877479065668","1.0","2.5","2.5","1.24","","","","0.0","","0","32254416","32245592","32294808","true"
"immediate","writer","1","8","12","0","immediate","normal","2000","50","1000","0","96","0","0","0.0","0","0","0","24.851","3863.023620779848","2.5","5.0","5.0","3.149","","","","0.0","","0","32952264","32942592","32986224","true"
"immediate","single","2","8","12","0","immediate","normal","2000","50","1000","0","96","0","0","0.0","0","0","0","13.031","7367.047809070677","2.5","2.5","2.5","1.353","","","","0.0","","0","32275568","32267272","32314560","true"
"immediate","writer","2","8","12","0","immediate","normal","2000","50","1000","0","96","0","0","0.0","0","0","0","20.679","4642.390831278109","2.5","5.0","5.0","2.988","","","","0.0","","0","32945752","32975688","32984744","true"
"immediate","pooled","2","8","12","0","immediate","normal","2000","50","1000","0","96","0","0","0.0","0","0","0","57.254","1676.7387431445839","1.0","2.5","100.0","54.25","","","","0.0","","0","33003040","33008192","33135248","true"
"immediate","pooled","1","8","12","4","immediate","normal","2000","50","1000","0","96","0","0","0.0","1787","0","0","59.045","1625.8785671945127","1.0","10.0","100.0","54.422","","","","0.0","0.5","0","32962480","33045544","33157248","true"
"immediate","single","1","8","12","4","immediate","normal","2000","50","1000","0","96","0","0","0.0","52","0","0","32.44","2959.3094944512945","5.0","5.0","5.0","3.288","","","","0.0","5.0","0","32337200","32358856","32389440","true"
"immediate","writer","1","8","12","4","immediate","normal","2000","50","1000","0","96","0","0","0.0","1160","0","0","34.512","2781.641168289291","5.0","5.0","5.0","3.422","","","","0.0","0.25","0","32969352","33011496","33010216","true"
"immediate","single","2","8","12","4","immediate","normal","2000","50","1000","0","96","0","0","0.0","52","0","0","23.459","4092.2460462935333","2.5","2.5","5.0","2.512","","","","0.0","2.5","0","32314296","32350648","32360680","true"
"immediate","writer","2","8","12","4","immediate","normal","2000","50","1000","0","96","0","0","0.0","1294","0","0","53.062","1809.2043270136821","5.0","10.0","10.0","5.162","","","","0.0","0.5","4","32938712","33013048","33272832","true"
"immediate","pooled","2","8","12","4","immediate","normal","2000","50","1000","0","96","0","0","0.0","724","0","0","41.002","2341.349202477928","1.0","5.0","50.0","34.601","","","","0.0","1.0","0","32920328","33009360","32961200","true"
"immediate","pooled","1","32","12","0","immediate","normal","2000","50","1000","0","384","0","0","0.0","0","0","0","105.934","3624.8985217210716","5.0","5.0","25.0","104.384","","","","0.0","","0","32979120","33046104","33154168","true"
"immediate","single","1","32","12","0","immediate","normal","2000","50","1000","0","384","0","0","0.0","0","0","0","67.046","5727.411031232288","10.0","10.0","10.0","8.08","","","","0.0","","0","32085560","32107376","33283528","true"
"immediate","writer","1","32","12","0","immediate","normal","2000","50","1000","0","384","0","0","0.0","0","0","0","58.983","6510.350439957276","5.0","10.0","10.0","7.927","","","","0.0","","31","32762144","32885600","33197792","true"
"immediate","single","2","32","12","0","immediate","normal","2000","50","1000","0","384","0","0","0.0","0","0","0","83.606","4592.971796282563","10.0","10.0","25.0","10.358","","","","0.0","","0","32124088","32181104","33297456","true"
"immediate","writer","2","32","12","0","immediate","normal","2000","50","1000","0","384","0","0","0.0","0","0","0","63.67","6031.097848280195","10.0","10.0","10.0","7.693","","","","0.0","","31","32795616","32854664","33118824","true"
"immediate","pooled","2","32","12","0","immediate","normal","2000","50","1000","0","384","0","0","0.0","0","0","0","88.542","4336.924849224097","5.0","10.0","100.0","84.401","","","","0.0","","0","32752296","32744768","33981248","true"
"immediate","pooled","1","32","12","4","immediate","normal","2000","50","1000","0","384","0","0","0.0","575","0","0","72.555","5292.536696299359","5.0","10.0","50.0","57.7","","","","0.0","5.0","0","32776488","33056816","33096504","true"
"immediate","single","1","32","12","4","immediate","normal","2000","50","1000","0","384","0","0","0.0","55","0","0","106.627","3601.339248032862","10.0","25.0","25.0","11.115","","","","0.0","25.0","0","32102168","32085408","33401736","true"
"immediate","writer","1","32","12","4","immediate","normal","2000","50","1000","0","384","0","0","0.0","4543","0","0","159.858","2402.131892054198","25.0","25.0","25.0","15.864","","","","0.0","0.25","31","32758368","32971432","33196648","true"
"immediate","single","2","32","12","4","immediate","normal","2000","50","1000","0","384","0","0","0.0","56","0","0","58.607","6552.118347637655","5.0","10.0","10.0","7.896","","","","0.0","10.0","0","32176144","32621576","33664152","true"
"immediate","writer","2","32","12","4","immediate","normal","2000","50","1000","0","384","0","0","0.0","4627","0","0","159.469","2407.9915218631836","25.0","25.0","25.0","16.106","","","","0.0","0.25","31","33279760","33365168","33818880","true"
"immediate","pooled","2","32","12","4","immediate","normal","2000","50","1000","0","384","0","0","0.0","836","0","0","110.293","3481.635280570843","10.0","10.0","100.0","104.542","","","","0.0","5.0","0","33256664","33218424","34555808","true"
"snapshot_window","pooled","1","1","12","0","deferred","normal","2000","50","1000","5","12","0","0","0.0","0","0","0","71.626","167.53692793119816","10.0","10.0","10.0","6.361","","","","0.0","","0","33194144","33182816","33320232","true"
"snapshot_window","single","1","1","12","0","deferred","normal","2000","50","1000","5","12","0","0","0.0","0","0","0","71.997","166.673611400475","10.0","10.0","10.0","6.237","","","","0.0","","0","32510704","32532120","32691776","true"
"snapshot_window","writer","1","1","12","0","deferred","normal","2000","50","1000","5","12","0","0","0.0","0","0","0","72.442","165.64976118826095","10.0","10.0","10.0","6.394","","","","0.0","","0","33200952","33226960","33333120","true"
"snapshot_window","single","2","1","12","0","deferred","normal","2000","50","1000","5","12","0","0","0.0","0","0","0","72.101","166.43319787520284","10.0","10.0","10.0","6.068","","","","0.0","","0","32526960","32548520","32708216","true"
"snapshot_window","writer","2","1","12","0","deferred","normal","2000","50","1000","5","12","0","0","0.0","0","0","0","71.765","167.21242945725632","10.0","10.0","10.0","6.268","","","","0.0","","0","33212328","33245456","33338696","true"
"snapshot_window","pooled","2","1","12","0","deferred","normal","2000","50","1000","5","12","0","0","0.0","0","0","0","71.635","167.5158791093739","10.0","10.0","10.0","6.025","","","","0.0","","0","33189584","33222352","33351776","true"
"snapshot_window","pooled","1","1","12","4","deferred","normal","2000","50","1000","5","12","0","0","0.0","2120","0","0","72.655","165.16413185603193","10.0","10.0","10.0","6.315","","","","0.0","0.25","0","33199912","33204176","33461200","true"
"snapshot_window","single","1","1","12","4","deferred","normal","2000","50","1000","5","12","0","0","0.0","52","0","0","72.959","164.4759385408243","10.0","10.0","10.0","6.545","","","","0.0","10.0","0","32554312","32547496","32792080","true"
"snapshot_window","writer","1","1","12","4","deferred","normal","2000","50","1000","5","12","0","0","0.0","2568","0","0","73.577","163.09444527501802","10.0","10.0","10.0","6.668","","","","0.0","0.25","0","33220040","33278800","33503224","true"
"snapshot_window","single","2","1","12","4","deferred","normal","2000","50","1000","5","12","0","0","0.0","52","0","0","72.826","164.77631615082527","10.0","10.0","10.0","6.318","","","","0.0","10.0","0","32536416","32542328","32787016","true"
"snapshot_window","writer","2","1","12","4","deferred","normal","2000","50","1000","5","12","0","0","0.0","2739","0","0","71.56","167.69144773616546","10.0","10.0","10.0","6.236","","","","0.0","0.25","0","33214296","33229152","33475296","true"
"snapshot_window","pooled","2","1","12","4","deferred","normal","2000","50","1000","5","12","0","0","0.0","3537","0","0","75.632","158.66299978844933","10.0","10.0","10.0","8.895","","","","0.0","0.25","0","33161752","33214480","33412200","true"
"snapshot_window","pooled","1","8","12","0","deferred","normal","2000","50","1000","5","16","80","0","83.33333333333333","0","0","0","119.862","133.4868432030168","10.0","25.0","25.0","12.263","25.0","25.0","25.0","12.164","","0","33174232","33198584","33584896","true"
"snapshot_window","single","1","8","12","0","deferred","normal","2000","50","1000","5","96","0","0","0.0","0","0","0","577.373","166.27033131095496","50.0","50.0","50.0","49.22","","","","0.0","","0","32535400","32442936","32950280","true"
"snapshot_window","writer","1","8","12","0","deferred","normal","2000","50","1000","5","96","0","0","0.0","0","0","0","576.524","166.51518410335044","50.0","50.0","50.0","48.349","","","","0.0","","7","33162776","33082648","33411704","true"
"snapshot_window","single","2","8","12","0","deferred","normal","2000","50","1000","5","96","0","0","0.0","0","0","0","577.469","166.2426900837967","50.0","50.0","50.0","49.233","","","","0.0","","0","32437856","32400360","32822344","true"
"snapshot_window","writer","2","8","12","0","deferred","normal","2000","50","1000","5","96","0","0","0.0","0","0","0","578.359","165.98686974699106","50.0","50.0","50.0","49.319","","","","0.0","","7","33098352","33128176","33367936","true"
"snapshot_window","pooled","2","8","12","0","deferred","normal","2000","50","1000","5","15","81","0","84.375","0","0","0","120.902","124.0674265107277","10.0","25.0","25.0","12.336","25.0","25.0","25.0","12.434","","0","33093280","33099360","33515328","true"
"snapshot_window","pooled","1","8","12","4","deferred","normal","2000","50","1000","5","19","77","0","80.20833333333333","266","0","0","122.558","155.02863950129733","10.0","25.0","25.0","12.514","25.0","25.0","25.0","14.352","10.0","0","33125800","33148208","33500040","true"
"snapshot_window","single","1","8","12","4","deferred","normal","2000","50","1000","5","96","0","0","0.0","52","0","0","590.485","162.57821959914307","50.0","100.0","100.0","51.92","","","","0.0","100.0","0","32496040","32488840","33031680","true"
"snapshot_window","writer","1","8","12","4","deferred","normal","2000","50","1000","5","96","0","0","0.0","22875","0","0","576.111","166.63455479933555","50.0","50.0","50.0","48.383","","","","0.0","0.25","7","33226616","33189416","33528032","true"
"snapshot_window","single","2","8","12","4","deferred","normal","2000","50","1000","5","96","0","0","0.0","52","0","0","579.414","165.68463999834316","50.0","50.0","100.0","50.066","","","","0.0","50.0","0","32514312","32421272","33008672","true"
"snapshot_window","writer","2","8","12","4","deferred","normal","2000","50","1000","5","96","0","0","0.0","27067","0","0","578.239","166.02131644527609","50.0","50.0","50.0","49.971","","","","0.0","0.25","7","33172528","33161944","33571312","true"
"snapshot_window","pooled","2","8","12","4","deferred","normal","2000","50","1000","5","20","76","0","79.16666666666667","729","0","0","126.383","158.2491316078903","25.0","25.0","25.0","12.322","10.0","25.0","25.0","14.228","10.0","0","33128624","33115144","33602776","true"
"snapshot_window","pooled","1","32","12","0","deferred","normal","2000","50","1000","5","76","308","0","80.20833333333333","0","0","0","462.041","164.48756712066677","50.0","50.0","50.0","37.419","50.0","50.0","50.0","42.204","","0","33159296","33128232","34324456","true"
"snapshot_window","single","1","32","12","0","deferred","normal","2000","50","1000","5","354","0","30","7.8125","0","0","0","2125.07","166.58274786242336","250.0","250.0","250.0","192.422","250.0","250.0","250.0","187.266","","0","32510840","32518960","33913616","true"
"snapshot_window","writer","1","32","12","0","deferred","normal","2000","50","1000","5","384","0","0","0.0","0","0","0","2309.06","166.30143868067526","250.0","250.0","250.0","195.283","","","","0.0","","31","33213768","33291240","33639864","true"
"snapshot_window","single","2","32","12","0","deferred","normal","2000","50","1000","5","354","0","30","7.8125","0","0","0","2132.542","165.99907528198742","250.0","250.0","250.0","196.766","250.0","250.0","250.0","191.096","","0","32549328","32678840","33838048","true"
"snapshot_window","writer","2","32","12","0","deferred","normal","2000","50","1000","5","384","0","0","0.0","0","0","0","2315.663","165.82723824667062","250.0","250.0","250.0","199.562","","","","0.0","","31","33267176","33249088","33661224","true"
"snapshot_window","pooled","2","32","12","0","deferred","normal","2000","50","1000","5","76","308","0","80.20833333333333","0","0","0","463.035","164.13446067791853","50.0","50.0","50.0","42.474","50.0","50.0","50.0","42.468","","0","33220936","33215360","34302744","true"
"snapshot_window","pooled","1","32","12","4","deferred","normal","2000","50","1000","5","75","309","0","80.46875","201","0","0","464.675","161.40313122074568","50.0","50.0","50.0","43.576","50.0","50.0","50.0","43.279","50.0","0","33341960","33195368","34392784","true"
"snapshot_window","single","1","32","12","4","deferred","normal","2000","50","1000","5","353","0","31","8.072916666666666","48","0","7","2148.322","164.31428808158182","250.0","250.0","250.0","199.214","250.0","250.0","250.0","187.409","250.0","0","32627328","32699496","33986848","true"
"snapshot_window","writer","1","32","12","4","deferred","normal","2000","50","1000","5","384","0","0","0.0","68911","0","0","2432.195","157.88207771169664","250.0","250.0","500.0","258.392","","","","0.0","0.25","31","33332904","33770888","33870520","true"
"snapshot_window","single","2","32","12","4","deferred","normal","2000","50","1000","5","352","0","32","8.333333333333334","52","0","0","2160.216","162.94666829613334","250.0","250.0","250.0","208.196","250.0","250.0","250.0","202.189","250.0","0","32846584","32563592","34114392","true"
"snapshot_window","writer","2","32","12","4","deferred","normal","2000","50","1000","5","384","0","0","0.0","82181","0","0","2392.421","160.50686731139712","250.0","250.0","250.0","221.07","","","","0.0","0.25","31","33338472","33580904","33863824","true"
"snapshot_window","pooled","2","32","12","4","deferred","normal","2000","50","1000","5","76","308","0","80.20833333333333","177","0","0","466.284","162.9907953092965","50.0","50.0","50.0","43.219","50.0","50.0","50.0","43.954","50.0","0","33409000","33581296","34538560","true"
"immediate_window","pooled","1","1","12","0","immediate","normal","2000","50","1000","5","12","0","0","0.0","0","0","0","71.645","167.49249773187242","10.0","10.0","10.0","6.15","","","","0.0","","0","33292688","33325640","33488624","true"
"immediate_window","single","1","1","12","0","immediate","normal","2000","50","1000","5","12","0","0","0.0","0","0","0","72.458","165.61318280935163","10.0","10.0","10.0","6.47","","","","0.0","","0","32652040","32638288","32805696","true"
"immediate_window","writer","1","1","12","0","immediate","normal","2000","50","1000","5","12","0","0","0.0","0","0","0","72.037","166.5810625095437","10.0","10.0","10.0","6.147","","","","0.0","","0","33309256","33353280","33501016","true"
"immediate_window","single","2","1","12","0","immediate","normal","2000","50","1000","5","12","0","0","0.0","0","0","0","71.973","166.72919011295903","10.0","10.0","10.0","6.171","","","","0.0","","0","32644448","32622000","32789584","true"
"immediate_window","writer","2","1","12","0","immediate","normal","2000","50","1000","5","12","0","0","0.0","0","0","0","72.439","165.65662143320586","10.0","10.0","10.0","6.341","","","","0.0","","0","33282728","33224040","33475800","true"
"immediate_window","pooled","2","1","12","0","immediate","normal","2000","50","1000","5","12","0","0","0.0","0","0","0","74.478","161.1214049786514","10.0","10.0","10.0","8.307","","","","0.0","","0","33175872","33172768","33311272","true"
"immediate_window","pooled","1","1","12","4","immediate","normal","2000","50","1000","5","12","0","0","0.0","3124","0","0","72.863","164.69264235620273","10.0","10.0","10.0","6.553","","","","0.0","0.25","0","33153616","33161688","33419048","true"
"immediate_window","single","1","1","12","4","immediate","normal","2000","50","1000","5","12","0","0","0.0","52","0","0","72.909","164.58873390116446","10.0","10.0","10.0","6.402","","","","0.0","10.0","0","32512112","32544728","32781088","true"
"immediate_window","writer","1","1","12","4","immediate","normal","2000","50","1000","5","12","0","0","0.0","3228","0","0","73.746","162.72068993572532","10.0","10.0","10.0","7.519","","","","0.0","0.25","0","33208328","33273528","33558616","true"
"immediate_window","single","2","1","12","4","immediate","normal","2000","50","1000","5","12","0","0","0.0","49","0","0","73.936","162.30253191949794","10.0","10.0","10.0","6.668","","","","0.0","10.0","0","32541360","32552488","32791024","true"
"immediate_window","writer","2","1","12","4","immediate","normal","2000","50","1000","5","12","0","0","0.0","3254","0","0","74.528","161.01331043366253","10.0","10.0","10.0","6.238","","","","0.0","0.25","0","33217552","33271936","33537264","true"
"immediate_window","pooled","2","1","12","4","immediate","normal","2000","50","1000","5","12","0","0","0.0","3320","0","0","72.35","165.860400829302","10.0","10.0","10.0","6.246","","","","0.0","0.25","0","33232360","33253144","33542968","true"
"immediate_window","pooled","1","8","12","0","immediate","normal","2000","50","1000","5","96","0","0","0.0","0","0","0","702.207","136.71182429112784","25.0","25.0","1.0e3","636.401","","","","0.0","","0","33249624","33243000","33577992","true"
"immediate_window","single","1","8","12","0","immediate","normal","2000","50","1000","5","96","0","0","0.0","0","0","0","576.634","166.4834192919599","50.0","50.0","50.0","49.404","","","","0.0","","0","32572608","32595536","33057432","true"
"immediate_window","writer","1","8","12","0","immediate","normal","2000","50","1000","5","96","0","0","0.0","0","0","0","577.673","166.18398297999042","50.0","50.0","50.0","49.995","","","","0.0","","7","33297304","33199008","33537632","true"
"immediate_window","single","2","8","12","0","immediate","normal","2000","50","1000","5","96","0","0","0.0","0","0","0","583.727","164.46044126792148","50.0","100.0","100.0","52.193","","","","0.0","","0","32540416","32500272","32967480","true"
"immediate_window","writer","2","8","12","0","immediate","normal","2000","50","1000","5","96","0","0","0.0","0","0","0","578.957","165.81542325250408","50.0","50.0","100.0","50.121","","","","0.0","","7","33217256","33220512","33448584","true"
"immediate_window","pooled","2","8","12","0","immediate","normal","2000","50","1000","5","96","0","0","0.0","0","0","0","705.948","135.9873531761546","25.0","50.0","1.0e3","638.588","","","","0.0","","0","33192200","33167976","33515416","true"
"immediate_window","pooled","1","8","12","4","immediate","normal","2000","50","1000","5","96","0","0","0.0","11837","0","0","704.557","136.25583167862928","25.0","50.0","1.0e3","638.011","","","","0.0","0.5","0","33200920","33204232","33589728","true"
"immediate_window","single","1","8","12","4","immediate","normal","2000","50","1000","5","96","0","0","0.0","52","0","0","583.499","164.52470355561877","50.0","100.0","100.0","51.315","","","","0.0","100.0","0","32595488","32528800","33052280","true"
"immediate_window","writer","1","8","12","4","immediate","normal","2000","50","1000","5","96","0","0","0.0","20672","0","0","584.448","164.257555847569","50.0","100.0","100.0","52.258","","","","0.0","0.25","7","33217128","33301160","33634616","true"
"immediate_window","single","2","8","12","4","immediate","normal","2000","50","1000","5","96","0","0","0.0","52","0","0","586.171","163.7747346763999","50.0","100.0","100.0","51.208","","","","0.0","100.0","0","32651104","32582328","33192512","true"
"immediate_window","writer","2","8","12","4","immediate","normal","2000","50","1000","5","96","0","0","0.0","22515","0","0","587.034","163.5339690716381","50.0","100.0","100.0","53.102","","","","0.0","0.25","7","33268792","33330392","33584640","true"
"immediate_window","pooled","2","8","12","4","immediate","normal","2000","50","1000","5","96","0","0","0.0","7989","0","0","654.503","146.676180246691","25.0","100.0","1.0e3","587.445","","","","0.0","0.5","0","33326776","33250296","33696504","true"
"immediate_window","pooled","1","32","12","0","immediate","normal","2000","50","1000","5","377","3","4","1.8229166666666667","0","0","0","2357.907","159.88756129906736","250.0","250.0","250.0","2010.949","250.0","2.5e3","2.5e3","2007.452","","0","33400032","33369408","34526024","true"
"immediate_window","single","1","32","12","0","immediate","normal","2000","50","1000","5","354","0","30","7.8125","0","0","0","2136.302","165.70690848016807","250.0","250.0","250.0","196.396","250.0","250.0","250.0","189.127","","0","32685720","32855424","34091704","true"
"immediate_window","writer","1","32","12","0","immediate","normal","2000","50","1000","5","384","0","0","0.0","0","0","0","2312.444","166.05807535231122","250.0","250.0","250.0","196.434","","","","0.0","","31","33407784","33465184","33794128","true"
"immediate_window","single","2","32","12","0","immediate","normal","2000","50","1000","5","354","0","30","7.8125","0","0","0","2142.825","165.20247803717055","250.0","250.0","250.0","199.19","250.0","250.0","250.0","187.982","","0","32713400","33011384","34050912","true"
"immediate_window","writer","2","32","12","0","immediate","normal","2000","50","1000","5","384","0","0","0.0","0","0","0","2324.995","165.1616455089151","250.0","250.0","250.0","197.495","","","","0.0","","31","33466952","33553568","33833880","true"
"immediate_window","pooled","2","32","12","0","immediate","normal","2000","50","1000","5","373","1","10","2.8645833333333335","0","0","0","2385.542","156.35859691424423","250.0","250.0","2.5e3","1914.074","250.0","2.5e3","2.5e3","2008.294","","0","32805384","33053480","34422376","true"
"immediate_window","pooled","1","32","12","4","immediate","normal","2000","50","1000","5","375","4","5","2.34375","8669","0","4","2362.799","158.71007224905716","250.0","250.0","250.0","291.165","250.0","2.5e3","2.5e3","2008.35","0.5","0","33106080","33090040","34368584","true"
"immediate_window","single","1","32","12","4","immediate","normal","2000","50","1000","5","354","0","30","7.8125","48","0","4","2180.311","162.36215842602272","250.0","250.0","250.0","208.063","250.0","250.0","250.0","189.988","250.0","0","32461552","32615360","33887800","true"
"immediate_window","writer","1","32","12","4","immediate","normal","2000","50","1000","5","384","0","0","0.0","81428","0","0","2628.114","146.11238325278129","250.0","500.0","500.0","445.499","","","","0.0","0.25","31","33168768","33552472","34644672","true"
"immediate_window","single","2","32","12","4","immediate","normal","2000","50","1000","5","354","0","30","7.8125","47","0","5","2158.13","164.0308971192653","250.0","250.0","250.0","201.969","250.0","250.0","250.0","188.971","250.0","0","32653784","32601248","33875736","true"
"immediate_window","writer","2","32","12","4","immediate","normal","2000","50","1000","5","384","0","0","0.0","82366","0","0","2317.497","165.69600737347233","250.0","250.0","250.0","196.12","","","","0.0","0.25","31","33178680","33269040","33745344","true"
"immediate_window","pooled","2","32","12","4","immediate","normal","2000","50","1000","5","376","2","6","2.0833333333333335","4598","0","4","2345.551","160.3034851938841","250.0","250.0","1.0e3","1488.264","250.0","2.5e3","2.5e3","2009.535","0.5","0","33219352","33177680","34499048","true"
"no_busy_wait","pooled","1","1","12","0","immediate","normal","0","50","1000","5","12","0","0","0.0","0","0","0","73.347","163.60587345085688","10.0","10.0","10.0","6.535","","","","0.0","","0","33077448","33075336","33246152","true"
"no_busy_wait","single","1","1","12","0","immediate","normal","0","50","1000","5","12","0","0","0.0","0","0","0","72.377","165.7985271564171","10.0","10.0","10.0","6.197","","","","0.0","","0","32391248","32434440","32554600","true"
"no_busy_wait","writer","1","1","12","0","immediate","normal","0","50","1000","5","12","0","0","0.0","0","0","0","73.037","164.3002861563317","10.0","10.0","10.0","6.804","","","","0.0","","0","33126544","33115272","33229448","true"
"no_busy_wait","single","2","1","12","0","immediate","normal","0","50","1000","5","12","0","0","0.0","0","0","0","85.078","141.04703918756906","10.0","25.0","25.0","14.655","","","","0.0","","0","32444256","32379752","32558736","true"
"no_busy_wait","writer","2","1","12","0","immediate","normal","0","50","1000","5","12","0","0","0.0","0","0","0","72.828","164.77179106936893","10.0","10.0","10.0","7.444","","","","0.0","","0","33033880","33065024","33171272","true"
"no_busy_wait","pooled","2","1","12","0","immediate","normal","0","50","1000","5","12","0","0","0.0","0","0","0","72.673","165.12322320531698","10.0","10.0","10.0","6.778","","","","0.0","","0","33069624","33044968","33207800","true"
"no_busy_wait","pooled","1","1","12","4","immediate","normal","0","50","1000","5","12","0","0","0.0","2400","0","0","78.206","153.44091246195944","10.0","25.0","25.0","10.029","","","","0.0","0.25","0","33048712","33079072","33349736","true"
"no_busy_wait","single","1","1","12","4","immediate","normal","0","50","1000","5","12","0","0","0.0","52","0","0","72.051","166.54869467460549","10.0","10.0","10.0","6.263","","","","0.0","10.0","0","32384168","32425360","32655432","true"
"no_busy_wait","writer","1","1","12","4","immediate","normal","0","50","1000","5","12","0","0","0.0","3253","0","0","74.793","160.44282218924232","10.0","10.0","10.0","7.835","","","","0.0","0.25","0","33047128","33149160","33337432","true"
"no_busy_wait","single","2","1","12","4","immediate","normal","0","50","1000","5","12","0","0","0.0","52","0","0","72.836","164.7536932286232","10.0","10.0","10.0","6.475","","","","0.0","10.0","0","32391264","32430592","32676048","true"
"no_busy_wait","writer","2","1","12","4","immediate","normal","0","50","1000","5","12","0","0","0.0","3102","0","0","72.077","166.4886163408577","10.0","10.0","10.0","6.401","","","","0.0","0.25","0","33055984","33145104","33340696","true"
"no_busy_wait","pooled","2","1","12","4","immediate","normal","0","50","1000","5","12","0","0","0.0","3170","0","0","72.206","166.1911752485943","10.0","10.0","10.0","6.51","","","","0.0","0.25","0","33063672","33088112","33366752","true"
"no_busy_wait","pooled","1","8","12","0","immediate","normal","0","50","1000","5","6","90","0","93.75","0","0","0","36.748","163.27419179275063","10.0","10.0","10.0","7.762","2.5","2.5","5.0","2.77","","0","33050968","33097968","33090224","true"
"no_busy_wait","single","1","8","12","0","immediate","normal","0","50","1000","5","96","0","0","0.0","0","0","0","582.549","164.7930045369574","50.0","100.0","100.0","52.149","","","","0.0","","0","32429384","32409640","32834056","true"
"no_busy_wait","writer","1","8","12","0","immediate","normal","0","50","1000","5","96","0","0","0.0","0","0","0","601.984","159.4726770146715","50.0","100.0","100.0","58.228","","","","0.0","","7","33114120","33140424","33336944","true"
"no_busy_wait","single","2","8","12","0","immediate","normal","0","50","1000","5","96","0","0","0.0","0","0","0","600.547","159.8542661939865","50.0","100.0","100.0","63.349","","","","0.0","","0","32422080","32412768","32878280","true"
"no_busy_wait","writer","2","8","12","0","immediate","normal","0","50","1000","5","96","0","0","0.0","0","0","0","588.353","163.16735021322233","50.0","100.0","100.0","53.851","","","","0.0","","8","33098176","33132416","33313608","true"
"no_busy_wait","pooled","2","8","12","0","immediate","normal","0","50","1000","5","5","91","0","94.79166666666667","0","0","0","30.744","162.63335935467083","10.0","10.0","10.0","7.71","2.5","2.5","2.5","2.491","","0","33090624","33143824","33117208","true"
"no_busy_wait","pooled","1","8","12","4","immediate","normal","0","50","1000","5","5","91","0","94.79166666666667","334","0","0","30.988","161.3527817219569","10.0","10.0","10.0","8.613","2.5","5.0","5.0","2.723","2.5","0","33113192","33153016","33155576","true"
"no_busy_wait","single","1","8","12","4","immediate","normal","0","50","1000","5","96","0","0","0.0","52","0","0","592.786","161.9471445007136","50.0","100.0","100.0","56.393","","","","0.0","100.0","0","32486832","32479000","33023752","true"
"no_busy_wait","writer","1","8","12","4","immediate","normal","0","50","1000","5","96","0","0","0.0","24009","0","0","586.419","163.70547339018688","50.0","100.0","100.0","54.517","","","","0.0","0.25","7","33140376","33232032","33486208","true"
"no_busy_wait","single","2","8","12","4","immediate","normal","0","50","1000","5","96","0","0","0.0","52","0","0","590.919","162.45881415219344","50.0","100.0","100.0","52.362","","","","0.0","100.0","0","32478816","32482464","33018520","true"
"no_busy_wait","writer","2","8","12","4","immediate","normal","0","50","1000","5","96","0","0","0.0","21967","0","0","583.712","164.46466750726387","50.0","100.0","100.0","51.302","","","","0.0","0.25","7","33153168","33194624","33583200","true"
"no_busy_wait","pooled","2","8","12","4","immediate","normal","0","50","1000","5","5","91","0","94.79166666666667","550","0","0","30.649","163.13745962347875","10.0","10.0","10.0","7.4","2.5","2.5","2.5","2.089","2.5","0","33149224","33155888","33190608","true"
"no_busy_wait","pooled","1","32","12","0","immediate","normal","0","50","1000","5","12","372","0","96.875","0","0","0","71.743","167.26370516984235","25.0","25.0","25.0","12.033","10.0","10.0","10.0","6.919","","0","33203016","33247640","34037984","true"
"no_busy_wait","single","1","32","12","0","immediate","normal","0","50","1000","5","353","0","31","8.072916666666666","0","0","0","2178.721","162.0216631684369","250.0","250.0","250.0","230.189","250.0","250.0","250.0","222.126","","0","32584136","32259360","33926832","true"
"no_busy_wait","writer","1","32","12","0","immediate","normal","0","50","1000","5","384","0","0","0.0","0","0","0","2337.976","164.24462868737746","250.0","250.0","250.0","201.263","","","","0.0","","31","33205536","33244224","33604344","true"
"no_busy_wait","single","2","32","12","0","immediate","normal","0","50","1000","5","354","0","30","7.8125","0","0","0","2151.853","164.50937866108885","250.0","250.0","250.0","204.414","250.0","250.0","250.0","189.355","","0","32482400","32624080","33852816","true"
"no_busy_wait","writer","2","32","12","0","immediate","normal","0","50","1000","5","384","0","0","0.0","0","0","0","2320.749","165.46382224014746","250.0","250.0","250.0","197.356","","","","0.0","","31","33197768","33419504","33613680","true"
"no_busy_wait","pooled","2","32","12","0","immediate","normal","0","50","1000","5","17","367","0","95.57291666666667","0","0","0","156.94","108.3216515865936","25.0","100.0","100.0","75.345","10.0","100.0","100.0","71.159","","0","33245920","33194208","34217928","true"
"no_busy_wait","pooled","1","32","12","4","immediate","normal","0","50","1000","5","15","369","0","96.09375","201","0","0","90.963","164.9022129876983","25.0","25.0","25.0","14.47","10.0","10.0","10.0","9.231","10.0","0","33219928","33245776","34303448","true"
"no_busy_wait","single","1","32","12","4","immediate","normal","0","50","1000","5","354","0","30","7.8125","47","0","6","2139.895","165.4286775753016","250.0","250.0","250.0","198.175","250.0","250.0","250.0","187.089","250.0","0","32587224","32691472","33953144","true"
"no_busy_wait","writer","1","32","12","4","immediate","normal","0","50","1000","5","384","0","0","0.0","84162","0","0","2339.867","164.1118918297493","250.0","250.0","250.0","204.325","","","","0.0","0.25","31","33245592","33506504","33936800","true"
"no_busy_wait","single","2","32","12","4","immediate","normal","0","50","1000","5","354","0","30","7.8125","53","0","8","2144.756","165.05374037885895","250.0","250.0","250.0","199.21","250.0","250.0","250.0","189.23","250.0","0","32619856","32771168","34096456","true"
"no_busy_wait","writer","2","32","12","4","immediate","normal","0","50","1000","5","384","0","0","0.0","87128","0","0","2354.283","163.10698416460554","250.0","250.0","250.0","212.006","","","","0.0","0.25","31","33257944","33525712","33897648","true"
"no_busy_wait","pooled","2","32","12","4","immediate","normal","0","50","1000","5","14","370","0","96.35416666666667","428","0","0","84.544","165.59424678274036","25.0","25.0","25.0","14.168","10.0","10.0","10.0","8.75","10.0","0","32960664","33054392","35494224","true"
"slow_transactions","pooled","1","1","12","0","immediate","normal","2000","50","1000","25","12","0","0","0.0","0","0","0","314.234","38.188101860397026","50.0","50.0","50.0","28.283","","","","0.0","","0","33006288","32979392","33209696","true"
"slow_transactions","single","1","1","12","0","immediate","normal","2000","50","1000","25","12","0","0","0.0","0","0","0","312.046","38.45586868602706","50.0","50.0","50.0","26.321","","","","0.0","","0","32364072","32334816","32486112","true"
"slow_transactions","writer","1","1","12","0","immediate","normal","2000","50","1000","25","12","0","0","0.0","0","0","0","311.871","38.47744740613908","50.0","50.0","50.0","26.227","","","","0.0","","0","33055136","33082880","33234120","true"
"slow_transactions","single","2","1","12","0","immediate","normal","2000","50","1000","25","12","0","0","0.0","0","0","0","312.314","38.42286929180248","50.0","50.0","50.0","26.246","","","","0.0","","0","32323272","32225792","32497080","true"
"slow_transactions","writer","2","1","12","0","immediate","normal","2000","50","1000","25","12","0","0","0.0","0","0","0","315.724","38.00788030051564","50.0","50.0","50.0","28.366","","","","0.0","","0","32887976","32957080","33110904","true"
"slow_transactions","pooled","2","1","12","0","immediate","normal","2000","50","1000","25","12","0","0","0.0","0","0","0","311.993","38.46240140003141","50.0","50.0","50.0","26.139","","","","0.0","","0","32909480","32901824","33055816","true"
"slow_transactions","pooled","1","1","12","4","immediate","normal","2000","50","1000","25","12","0","0","0.0","14673","0","0","312.079","38.45180226801547","50.0","50.0","50.0","26.327","","","","0.0","0.25","0","32893016","32986544","33271032","true"
"slow_transactions","single","1","1","12","4","immediate","normal","2000","50","1000","25","12","0","0","0.0","52","0","0","312.464","38.40442418966665","50.0","50.0","50.0","26.13","","","","0.0","50.0","0","32269064","32302312","32557336","true"
"slow_transactions","writer","1","1","12","4","immediate","normal","2000","50","1000","25","12","0","0","0.0","15296","0","0","314.248","38.18640054988417","50.0","50.0","50.0","27.653","","","","0.0","0.25","0","32959240","33000808","33254888","true"
"slow_transactions","single","2","1","12","4","immediate","normal","2000","50","1000","25","12","0","0","0.0","52","0","0","317.131","37.83925254863132","50.0","50.0","50.0","26.911","","","","0.0","50.0","0","32357496","32288232","32591048","true"
"slow_transactions","writer","2","1","12","4","immediate","normal","2000","50","1000","25","12","0","0","0.0","14453","0","0","313.594","38.26603825328291","50.0","50.0","50.0","27.538","","","","0.0","0.25","0","32915016","32984864","33219176","true"
"slow_transactions","pooled","2","1","12","4","immediate","normal","2000","50","1000","25","12","0","0","0.0","14431","0","0","313.705","38.25249836629955","50.0","50.0","50.0","26.665","","","","0.0","0.25","0","32976760","32935632","33250784","true"
"slow_transactions","pooled","1","8","12","0","immediate","normal","2000","50","1000","25","95","1","0","1.0416666666666667","0","0","0","2625.614","36.18201304532959","250.0","250.0","2.5e3","2010.534","2.5e3","2.5e3","2.5e3","2007.997","","0","32915720","32871840","33269112","true"
"slow_transactions","single","1","8","12","0","immediate","normal","2000","50","1000","25","87","0","9","9.375","0","0","0","2264.004","38.42749394435699","250.0","250.0","250.0","209.337","250.0","250.0","250.0","181.893","","0","32260056","32228720","32720784","true"
"slow_transactions","writer","1","8","12","0","immediate","normal","2000","50","1000","25","96","0","0","0.0","0","0","0","2500.662","38.389834371858335","250.0","250.0","250.0","212.135","","","","0.0","","7","32931512","32952128","33207376","true"
"slow_transactions","single","2","8","12","0","immediate","normal","2000","50","1000","25","87","0","9","9.375","0","0","0","2272.323","38.28681045784424","250.0","250.0","250.0","212.15","250.0","250.0","250.0","185.601","","0","32291328","32291728","32712952","true"
"slow_transactions","writer","2","8","12","0","immediate","normal","2000","50","1000","25","96","0","0","0.0","0","0","0","2500.602","38.390755506074136","250.0","250.0","250.0","210.137","","","","0.0","","7","33082400","33019112","33269552","true"
"slow_transactions","pooled","2","8","12","0","immediate","normal","2000","50","1000","25","95","1","0","1.0416666666666667","0","0","0","2622.256","36.22834688909092","250.0","250.0","2.5e3","2010.165","2.5e3","2.5e3","2.5e3","2006.391","","0","33027848","32898096","33373856","true"
"slow_transactions","pooled","1","8","12","4","immediate","normal","2000","50","1000","25","95","1","0","1.0416666666666667","42972","0","0","2577.108","36.8630263070077","250.0","250.0","2.5e3","2009.873","2.5e3","2.5e3","2.5e3","2083.454","0.25","0","32936464","32946328","33321416","true"
"slow_transactions","single","1","8","12","4","immediate","normal","2000","50","1000","25","87","0","9","9.375","44","0","12","2267.976","38.36019428777024","250.0","250.0","250.0","209.266","250.0","250.0","250.0","182.969","250.0","0","32309216","32292880","32765048","true"
"slow_transactions","writer","1","8","12","4","immediate","normal","2000","50","1000","25","96","0","0","0.0","94108","0","0","2528.309","37.9700424275672","250.0","250.0","250.0","232.431","","","","0.0","0.25","7","33010776","33174120","33423232","true"
"slow_transactions","single","2","8","12","4","immediate","normal","2000","50","1000","25","87","0","9","9.375","44","0","12","2267.81","38.36300219154162","250.0","250.0","250.0","210.436","250.0","250.0","250.0","182.991","250.0","0","32331128","32265872","32746144","true"
"slow_transactions","writer","2","8","12","4","immediate","normal","2000","50","1000","25","96","0","0","0.0","109220","0","0","2504.233","38.33509102387837","250.0","250.0","250.0","216.143","","","","0.0","0.25","7","32993064","33246936","33566576","true"
"slow_transactions","pooled","2","8","12","4","immediate","normal","2000","50","1000","25","95","1","0","1.0416666666666667","42799","0","0","2622.833","36.220376974058205","250.0","250.0","2.5e3","2009.721","2.5e3","2.5e3","2.5e3","2005.793","0.5","0","33230688","33117904","33451784","true"
"slow_transactions","pooled","1","32","12","0","immediate","normal","2000","50","1000","25","160","4","220","58.333333333333336","0","0","0","4274.91","37.427688536132926","250.0","1.0e3","2.5e3","2682.952","250.0","500.0","2.5e3","2015.247","","0","33109960","33113824","34279720","true"
"slow_transactions","single","1","32","12","0","immediate","normal","2000","50","1000","25","112","0","272","70.83333333333333","0","0","0","2984.417","37.52826766500794","1.0e3","1.0e3","1.0e3","870.94","250.0","500.0","1.0e3","814.981","","0","32398064","32613112","33740200","true"
"slow_transactions","writer","1","32","12","0","immediate","normal","2000","50","1000","25","384","0","0","0.0","0","0","0","10039.452","38.24909965205272","1.0e3","1.0e3","1.0e3","848.178","","","","0.0","","31","33221864","33298000","33616288","true"
"slow_transactions","single","2","32","12","0","immediate","normal","2000","50","1000","25","115","0","269","70.05208333333333","0","0","0","2995.712","38.38820287130405","1.0e3","1.0e3","1.0e3","833.228","250.0","500.0","1.0e3","805.897","","0","32545800","32711728","33843424","true"
"slow_transactions","writer","2","32","12","0","immediate","normal","2000","50","1000","25","384","0","0","0.0","0","0","0","10031.95","38.27770273974651","1.0e3","1.0e3","1.0e3","848.248","","","","0.0","","31","33305640","33566088","33732424","true"
"slow_transactions","pooled","2","32","12","0","immediate","normal","2000","50","1000","25","160","5","219","58.333333333333336","0","0","0","4311.929","37.10636237284983","250.0","1.0e3","2.5e3","2437.246","250.0","500.0","2.5e3","2686.871","","0","33285336","33423488","34545360","true"
"slow_transactions","pooled","1","32","12","4","immediate","normal","2000","50","1000","25","161","5","218","58.072916666666664","21820","0","42","4327.634","37.20277639005516","250.0","1.0e3","2.5e3","2232.778","250.0","500.0","2.5e3","2654.43","0.5","0","33604728","33616960","34841720","true"
"slow_transactions","single","1","32","12","4","immediate","normal","2000","50","1000","25","115","0","269","70.05208333333333","16","0","40","3007.707","38.235107342570274","1.0e3","1.0e3","1.0e3","840.105","250.0","500.0","1.0e3","809.603","1.0e3","0","32980016","33090344","34364592","true"
"slow_transactions","writer","1","32","12","4","immediate","normal","2000","50","1000","25","384","0","0","0.0","358353","0","0","10079.079","38.098719138921325","1.0e3","1.0e3","1.0e3","863.292","","","","0.0","0.25","31","33650424","33757784","34377744","true"
"slow_transactions","single","2","32","12","4","immediate","normal","2000","50","1000","25","115","0","269","70.05208333333333","23","0","34","3003.323","38.29091975788152","1.0e3","1.0e3","1.0e3","837.218","250.0","500.0","1.0e3","805.896","1.0e3","0","32966384","33028536","34281144","true"
"slow_transactions","writer","2","32","12","4","immediate","normal","2000","50","1000","25","384","0","0","0.0","375444","0","0","10014.313","38.34511663456095","1.0e3","1.0e3","1.0e3","844.403","","","","0.0","0.25","31","33635416","33698144","34214456","true"
"slow_transactions","pooled","2","32","12","4","immediate","normal","2000","50","1000","25","162","4","218","57.8125","27398","0","39","4351.599","37.227694923176514","250.0","1.0e3","2.5e3","2508.077","250.0","500.0","2.5e3","2109.529","0.5","0","33621240","33763216","34881928","true"
"checkout_overload","pooled","1","1","12","0","immediate","normal","2000","1","10","25","12","0","0","0.0","0","0","0","316.08","37.96507213363705","50.0","50.0","50.0","27.087","","","","0.0","","0","33401392","33988696","34135736","true"
"checkout_overload","single","1","1","12","0","immediate","normal","2000","1","10","25","12","0","0","0.0","0","0","0","313.274","38.3051258642594","50.0","50.0","50.0","26.775","","","","0.0","","0","33325224","33286608","33434672","true"
"checkout_overload","writer","1","1","12","0","immediate","normal","2000","1","10","25","12","0","0","0.0","0","0","0","312.929","38.34735674865544","50.0","50.0","50.0","26.702","","","","0.0","","0","33959288","33992592","34140264","true"
"checkout_overload","single","2","1","12","0","immediate","normal","2000","1","10","25","12","0","0","0.0","0","0","0","317.996","37.73632372734248","50.0","50.0","50.0","27.954","","","","0.0","","0","33311520","33338408","33522896","true"
"checkout_overload","writer","2","1","12","0","immediate","normal","2000","1","10","25","12","0","0","0.0","0","0","0","314.75","38.12549642573471","50.0","50.0","50.0","27.112","","","","0.0","","0","33936592","34007600","34207456","true"
"checkout_overload","pooled","2","1","12","0","immediate","normal","2000","1","10","25","12","0","0","0.0","0","0","0","318.557","37.66986755902397","50.0","50.0","50.0","27.773","","","","0.0","","0","33764624","33958960","34158120","true"
"checkout_overload","pooled","1","1","12","4","immediate","normal","2000","1","10","25","12","0","0","0.0","7613","0","0","318.317","37.69826933528527","50.0","50.0","50.0","27.582","","","","0.0","0.5","0","33943480","34026888","34298976","true"
"checkout_overload","single","1","1","12","4","immediate","normal","2000","1","10","25","12","0","0","0.0","26","0","58","322.941","37.15849025054112","50.0","50.0","50.0","29.606","","","","0.0","50.0","0","33331184","33498048","33643752","true"
"checkout_overload","writer","1","1","12","4","immediate","normal","2000","1","10","25","12","0","0","0.0","7720","0","0","315.044","38.089917598811596","50.0","50.0","50.0","26.921","","","","0.0","0.5","0","33956080","34056968","34299904","true"
"checkout_overload","single","2","1","12","4","immediate","normal","2000","1","10","25","12","0","0","0.0","38","0","48","319.465","37.56280030676287","50.0","50.0","50.0","27.117","","","","0.0","50.0","0","33320072","33378928","33652336","true"
"checkout_overload","writer","2","1","12","4","immediate","normal","2000","1","10","25","12","0","0","0.0","7669","0","0","325.6","36.85503685503686","50.0","50.0","50.0","31.033","","","","0.0","1.0","0","34026368","34115832","34579784","true"
"checkout_overload","pooled","2","1","12","4","immediate","normal","2000","1","10","25","12","0","0","0.0","9014","0","0","329.552","36.41306986454338","50.0","50.0","50.0","33.605","","","","0.0","0.5","0","34037888","34083632","34410336","true"
"checkout_overload","pooled","1","8","12","0","immediate","normal","2000","1","10","25","59","0","37","38.541666666666664","0","0","0","1700.193","34.70194266180369","50.0","1.0e3","2.5e3","1411.026","25.0","50.0","50.0","29.89","","0","34056296","33253784","34357992","true"
"checkout_overload","single","1","8","12","0","immediate","normal","2000","1","10","25","11","0","85","88.54166666666667","0","0","0","286.596","38.38155452274282","50.0","100.0","100.0","52.369","25.0","50.0","50.0","29.853","","0","32693744","32756920","33174680","true"
"checkout_overload","writer","1","8","12","0","immediate","normal","2000","1","10","25","96","0","0","0.0","0","0","0","2527.818","37.97741767801321","250.0","250.0","250.0","220.031","","","","0.0","","7","34079864","33309664","34079864","true"
"checkout_overload","single","2","8","12","0","immediate","normal","2000","1","10","25","10","0","86","89.58333333333333","0","0","0","261.414","38.25349828241793","50.0","100.0","100.0","53.475","25.0","50.0","50.0","29.978","","0","32556368","32610008","32988984","true"
"checkout_overload","writer","2","8","12","0","immediate","normal","2000","1","10","25","96","0","0","0.0","0","0","0","2516.68","38.14549326890983","250.0","250.0","250.0","213.333","","","","0.0","","7","33953688","33292528","33953688","true"
"checkout_overload","pooled","2","8","12","0","immediate","normal","2000","1","10","25","60","0","36","37.5","0","0","0","1696.545","35.365993828634075","50.0","500.0","2.5e3","1409.376","25.0","50.0","50.0","38.461","","0","33266352","33290304","33608944","true"
"checkout_overload","pooled","1","8","12","4","immediate","normal","2000","1","10","25","58","0","38","39.583333333333336","39243","0","69","1650.306","35.144997352006236","50.0","1.0e3","2.5e3","1363.042","25.0","50.0","50.0","29.846","0.25","0","33270136","33365464","33735464","true"
"checkout_overload","single","1","8","12","4","immediate","normal","2000","1","10","25","10","0","86","89.58333333333333","12","0","56","262.689","38.06782925817221","50.0","100.0","100.0","53.411","25.0","50.0","50.0","29.907","50.0","0","33037032","32559928","33285760","true"
"checkout_overload","writer","1","8","12","4","immediate","normal","2000","1","10","25","96","0","0","0.0","104839","0","0","2504.053","38.33784668295759","250.0","250.0","250.0","210.611","","","","0.0","0.25","7","33260808","33253520","33829648","true"
"checkout_overload","single","2","8","12","4","immediate","normal","2000","1","10","25","11","0","85","88.54166666666667","12","0","64","289.834","37.95275916559134","50.0","100.0","100.0","53.389","25.0","50.0","50.0","29.811","50.0","0","32423544","32523000","33531616","true"
"checkout_overload","writer","2","8","12","4","immediate","normal","2000","1","10","25","96","0","0","0.0","108811","0","0","2500.268","38.395883961239356","250.0","250.0","250.0","210.285","","","","0.0","0.25","7","33227008","34053800","33683024","true"
"checkout_overload","pooled","2","8","12","4","immediate","normal","2000","1","10","25","58","0","38","39.583333333333336","40496","0","60","1595.472","36.35287864656979","50.0","1.0e3","2.5e3","1308.073","25.0","50.0","50.0","39.919","0.5","0","33195296","33278824","33629384","true"
"checkout_overload","pooled","1","32","12","0","immediate","normal","2000","1","10","25","60","0","324","84.375","0","0","0","1698.716","35.320795235931136","50.0","500.0","2.5e3","1410.059","25.0","50.0","50.0","30.05","","0","33470528","34226040","34458744","true"
"checkout_overload","single","1","32","12","0","immediate","normal","2000","1","10","25","10","0","374","97.39583333333333","0","0","0","262.639","38.07507643571594","50.0","100.0","100.0","53.69","25.0","50.0","50.0","38.434","","0","32755256","33645712","33860568","true"
"checkout_overload","writer","1","32","12","0","immediate","normal","2000","1","10","25","384","0","0","0.0","0","0","0","10052.187","38.20064230798731","1.0e3","1.0e3","1.0e3","847.674","","","","0.0","","31","33551200","34140344","33988256","true"
"checkout_overload","single","2","32","12","0","immediate","normal","2000","1","10","25","10","0","374","97.39583333333333","0","0","0","261.04","38.30830524057615","50.0","100.0","100.0","52.067","25.0","50.0","50.0","30.196","","0","32748032","33641000","33859640","true"
"checkout_overload","writer","2","32","12","0","immediate","normal","2000","1","10","25","384","0","0","0.0","0","0","0","10024.115","38.30762117154482","1.0e3","1.0e3","1.0e3","842.041","","","","0.0","","31","33452664","33924736","33859080","true"
"checkout_overload","pooled","2","32","12","0","immediate","normal","2000","1","10","25","58","0","326","84.89583333333333","0","0","0","1645.184","35.254415311600404","50.0","1.0e3","2.5e3","1358.868","25.0","50.0","50.0","30.088","","0","33890920","33467696","34416416","true"
"checkout_overload","pooled","1","32","12","4","immediate","normal","2000","1","10","25","58","0","326","84.89583333333333","44648","0","55","1644.023","35.27931178578402","50.0","1.0e3","2.5e3","1357.742","25.0","50.0","50.0","30.123","0.25","0","33782040","33973168","34387536","true"
"checkout_overload","single","1","32","12","4","immediate","normal","2000","1","10","25","11","0","373","97.13541666666667","6","0","60","286.325","38.41788177770017","50.0","100.0","100.0","52.077","25.0","50.0","50.0","30.047","50.0","0","32897104","33648640","34141376","true"
"checkout_overload","writer","1","32","12","4","immediate","normal","2000","1","10","25","384","0","0","0.0","387380","0","0","10025.043","38.30407510471526","1.0e3","1.0e3","1.0e3","852.974","","","","0.0","0.25","31","33640160","34619864","34801576","true"
"checkout_overload","single","2","32","12","4","immediate","normal","2000","1","10","25","10","0","374","97.39583333333333","8","0","56","260.246","38.42518232749014","50.0","100.0","100.0","53.106","25.0","50.0","50.0","29.918","50.0","0","32819432","32931424","34717888","true"
"checkout_overload","writer","2","32","12","4","immediate","normal","2000","1","10","25","384","0","0","0.0","356585","0","0","9996.225","38.41450147430655","1.0e3","1.0e3","1.0e3","838.228","","","","0.0","0.25","31","33791928","34038552","34504376","true"
"checkout_overload","pooled","2","32","12","4","immediate","normal","2000","1","10","25","59","0","325","84.63541666666667","44408","0","64","1649.055","35.77806683221603","50.0","1.0e3","2.5e3","1358.92","25.0","50.0","50.0","29.94","0.5","0","34058416","33646080","34680856","true"
"full_sync","pooled","1","1","12","0","immediate","full","2000","50","1000","0","12","0","0","0.0","0","0","0","2.128","5639.097744360903","0.25","0.5","0.5","0.329","","","","0.0","","0","33489616","33518888","33528048","true"
"full_sync","single","1","1","12","0","immediate","full","2000","50","1000","0","12","0","0","0.0","0","0","0","1.966","6103.763987792472","0.25","0.5","0.5","0.311","","","","0.0","","0","33373392","33511216","34104064","true"
"full_sync","writer","1","1","12","0","immediate","full","2000","50","1000","0","12","0","0","0.0","0","0","0","2.073","5788.712011577424","0.25","0.5","0.5","0.286","","","","0.0","","0","34214568","33452928","34214568","true"
"full_sync","single","2","1","12","0","immediate","full","2000","50","1000","0","12","0","0","0.0","0","0","0","1.755","6837.606837606838","0.25","0.25","0.25","0.242","","","","0.0","","0","32798176","32819920","32836472","true"
"full_sync","writer","2","1","12","0","immediate","full","2000","50","1000","0","12","0","0","0.0","0","0","0","2.087","5749.880210828941","0.25","0.5","0.5","0.283","","","","0.0","","0","33680696","34206160","34454872","true"
"full_sync","pooled","2","1","12","0","immediate","full","2000","50","1000","0","12","0","0","0.0","0","0","0","1.873","6406.833956219968","0.1","1.0","1.0","0.568","","","","0.0","","0","34188216","33433224","34188216","true"
"full_sync","pooled","1","1","12","4","immediate","full","2000","50","1000","0","12","0","0","0.0","145","0","0","3.975","3018.867924528302","0.25","1.0","1.0","0.838","","","","0.0","0.5","0","33440024","33468744","33479344","true"
"full_sync","single","1","1","12","4","immediate","full","2000","50","1000","0","12","0","0","0.0","52","0","0","3.561","3369.8399326032013","0.25","0.5","0.5","0.467","","","","0.0","0.5","0","33091664","33116432","33130960","true"
"full_sync","writer","1","1","12","4","immediate","full","2000","50","1000","0","12","0","0","0.0","156","0","0","4.536","2645.5026455026455","0.5","1.0","1.0","0.62","","","","0.0","0.5","0","33305016","33521992","33532304","true"
"full_sync","single","2","1","12","4","immediate","full","2000","50","1000","0","12","0","0","0.0","52","0","0","5.854","2049.880423641954","0.5","1.0","1.0","0.571","","","","0.0","1.0","0","32627808","32673376","32665112","true"
"full_sync","writer","2","1","12","4","immediate","full","2000","50","1000","0","12","0","0","0.0","183","0","0","4.47","2684.5637583892617","0.5","1.0","1.0","0.658","","","","0.0","0.25","0","33271184","33319216","33310568","true"
"full_sync","pooled","2","1","12","4","immediate","full","2000","50","1000","0","12","0","0","0.0","168","0","0","4.379","2740.351678465403","0.5","2.5","2.5","1.145","","","","0.0","0.5","0","33503776","33285584","33503776","true"
"full_sync","pooled","1","8","12","0","immediate","full","2000","50","1000","0","96","0","0","0.0","0","0","0","35.327","2717.468225436635","0.5","5.0","50.0","34.125","","","","0.0","","0","33513680","33306992","33513680","true"
"full_sync","single","1","8","12","0","immediate","full","2000","50","1000","0","96","0","0","0.0","0","0","0","10.262","9354.901578639641","1.0","2.5","2.5","1.252","","","","0.0","","0","32642424","32649928","32683232","true"
"full_sync","writer","1","8","12","0","immediate","full","2000","50","1000","0","96","0","0","0.0","0","0","0","12.797","7501.758224583887","1.0","2.5","2.5","1.66","","","","0.0","","0","33806736","33371304","33806736","true"
"full_sync","single","2","8","12","0","immediate","full","2000","50","1000","0","96","0","0","0.0","0","0","0","24.62","3899.268887083672","2.5","2.5","2.5","2.452","","","","0.0","","0","32654304","32662000","32695640","true"
"full_sync","writer","2","8","12","0","immediate","full","2000","50","1000","0","96","0","0","0.0","0","0","0","14.957","6418.39941164672","1.0","5.0","5.0","2.988","","","","0.0","","0","33855864","33502144","33893824","true"
"full_sync","pooled","2","8","12","0","immediate","full","2000","50","1000","0","96","0","0","0.0","0","0","0","58.504","1640.9134418159442","0.5","1.0","100.0","54.189","","","","0.0","","0","33495528","33498944","33623928","true"
"full_sync","pooled","1","8","12","4","immediate","full","2000","50","1000","0","96","0","0","0.0","1319","0","0","39.642","2421.6739821401543","0.5","5.0","50.0","34.564","","","","0.0","0.5","0","33833368","33364368","33833368","true"
"full_sync","single","1","8","12","4","immediate","full","2000","50","1000","0","96","0","0","0.0","52","0","0","13.632","7042.2535211267605","1.0","2.5","2.5","1.734","","","","0.0","2.5","0","32682864","32718672","32722208","true"
"full_sync","writer","1","8","12","4","immediate","full","2000","50","1000","0","96","0","0","0.0","1250","0","0","28.186","3405.946214432697","2.5","2.5","5.0","3.013","","","","0.0","0.25","0","33876080","33534976","33913000","true"
"full_sync","single","2","8","12","4","immediate","full","2000","50","1000","0","96","0","0","0.0","52","0","0","12.122","7919.485233459825","1.0","2.5","2.5","1.271","","","","0.0","2.5","0","32853376","32870160","32888648","true"
"full_sync","writer","2","8","12","4","immediate","full","2000","50","1000","0","96","0","0","0.0","1208","0","0","29.179","3290.0373556324753","2.5","5.0","5.0","2.879","","","","0.0","0.25","0","34256024","33549992","34293184","true"
"full_sync","pooled","2","8","12","4","immediate","full","2000","50","1000","0","96","0","0","0.0","1010","0","0","38.921","2466.5347755710286","0.5","5.0","50.0","34.298","","","","0.0","0.5","0","33506896","33528760","33542264","true"
"full_sync","pooled","1","32","12","0","immediate","full","2000","50","1000","0","384","0","0","0.0","0","0","0","106.37","3610.0404249318417","10.0","25.0","100.0","104.738","","","","0.0","","0","34270928","33515048","34515368","true"
"full_sync","single","1","32","12","0","immediate","full","2000","50","1000","0","384","0","0","0.0","0","0","0","55.775","6884.805020170327","5.0","10.0","10.0","11.089","","","","0.0","","0","33627672","33013128","34039440","true"
"full_sync","writer","1","32","12","0","immediate","full","2000","50","1000","0","384","0","0","0.0","0","0","0","45.554","8429.556131184967","5.0","5.0","5.0","4.806","","","","0.0","","1","33399528","34116704","33550256","true"
"full_sync","single","2","32","12","0","immediate","full","2000","50","1000","0","384","0","0","0.0","0","0","0","44.771","8576.98063478591","5.0","5.0","5.0","4.376","","","","0.0","","0","32903040","33218288","32946248","true"
"full_sync","writer","2","32","12","0","immediate","full","2000","50","1000","0","384","0","0","0.0","0","0","0","65.883","5828.514184235691","5.0","10.0","10.0","9.068","","","","0.0","","31","33554648","33620424","33994176","true"
"full_sync","pooled","2","32","12","0","immediate","full","2000","50","1000","0","384","0","0","0.0","0","0","0","106.403","3608.920801105232","10.0","10.0","100.0","104.381","","","","0.0","","0","34344304","33560752","34743448","true"
"full_sync","pooled","1","32","12","4","immediate","full","2000","50","1000","0","384","0","0","0.0","1384","0","0","111.17","3454.169290276154","5.0","10.0","100.0","106.038","","","","0.0","0.5","0","34354672","33553000","34764264","true"
"full_sync","single","1","32","12","4","immediate","full","2000","50","1000","0","384","0","0","0.0","56","0","0","84.688","4534.290572454185","10.0","10.0","10.0","8.617","","","","0.0","10.0","0","33709424","32911368","34079792","true"
"full_sync","writer","1","32","12","4","immediate","full","2000","50","1000","0","384","0","0","0.0","4516","0","0","169.453","2266.1150879594934","25.0","25.0","25.0","15.906","","","","0.0","0.5","31","34368384","33787256","34779472","true"
"full_sync","single","2","32","12","4","immediate","full","2000","50","1000","0","384","0","0","0.0","52","0","0","85.408","4496.065942300487","10.0","10.0","25.0","10.408","","","","0.0","10.0","0","32814144","32913144","34018872","true"
"full_sync","writer","2","32","12","4","immediate","full","2000","50","1000","0","384","0","0","0.0","4686","0","0","133.771","2870.5773299145553","25.0","25.0","25.0","16.218","","","","0.0","0.25","31","33654552","34107024","34580352","true"
"full_sync","pooled","2","32","12","4","immediate","full","2000","50","1000","0","384","0","0","0.0","1664","0","0","109.443","3508.675749020038","5.0","10.0","50.0","104.531","","","","0.0","1.0","0","33661952","34948920","33955240","true"
